id,first_name,last_name,email
801,Verina,Bosnell,vbosnellm8@paginegialle.it
802,Carolan,De La Cote,cdelacotem9@businessweek.com
803,Cathrin,Nisby,cnisbyma@spiegel.de
804,Galen,Beat,gbeatmb@google.co.uk
805,Sharlene,Britzius,sbritziusmc@gravatar.com
806,Obed,Stones,ostonesmd@squarespace.com
807,Darlene,Bonsall,dbonsallme@huffingtonpost.com
808,Tate,McGairl,tmcgairlmf@wsj.com
809,Boigie,Davson,bdavsonmg@instagram.com
810,Emili,Dilkes,edilkesmh@bloglovin.com
811,Selby,Boriston,sboristonmi@google.fr
812,Ferdy,Antonsen,fantonsenmj@phpbb.com
813,Arden,McFetridge,amcfetridgemk@ocn.ne.jp
814,Renelle,Pettengell,rpettengellml@washington.edu
815,Dredi,Brimson,dbrimsonmm@slashdot.org
816,Xymenes,Biggadike,xbiggadikemn@tinypic.com
817,Jacki,Naisbitt,jnaisbittmo@blog.com
818,Clerkclaude,Rosenbusch,crosenbuschmp@ucsd.edu
819,Shep,Cotte,scottemq@digg.com
820,Julianna,Normadell,jnormadellmr@irs.gov
821,Lenard,Pinnock,lpinnockms@google.nl
822,Alon,Harold,aharoldmt@odnoklassniki.ru
823,Shermie,Buer,sbuermu@ihg.com
824,Kliment,Willbond,kwillbondmv@howstuffworks.com
825,Lita,Kingsworth,lkingsworthmw@youtu.be
826,Otes,Linkin,olinkinmx@smugmug.com
827,Nanci,Courtenay,ncourtenaymy@t-online.de
828,Alric,Ensley,aensleymz@harvard.edu
829,Skelly,Delhay,sdelhayn0@marriott.com
830,Dannel,Brechin,dbrechinn1@comsenz.com
831,Caralie,Girardi,cgirardin2@bandcamp.com
832,Lonni,Dombrell,ldombrelln3@wordpress.org
833,Alard,Golda,agoldan4@51.la
834,Krystyna,Mathey,kmatheyn5@zimbio.com
835,Luce,Speares,lspearesn6@mashable.com
836,Jemmie,Durnford,jdurnfordn7@nyu.edu
837,Paulo,Newby,pnewbyn8@yale.edu
838,Sasha,Blondelle,sblondellen9@google.ca
839,Caroljean,Danielut,cdanielutna@amazon.co.uk
840,Paten,Wybrew,pwybrewnb@geocities.com
841,Micheil,Bridle,mbridlenc@sbwire.com
842,Norry,LAbbet,nlabbetnd@opensource.org
843,Laird,Willacot,lwillacotne@google.es
844,Nanete,Claybourne,nclaybournenf@over-blog.com
845,Moritz,Greatbanks,mgreatbanksng@ihg.com
846,Joann,Raymont,jraymontnh@typepad.com
847,Sebastiano,Clyant,sclyantni@ft.com
848,Zane,Purry,zpurrynj@washingtonpost.com
849,Peyter,Lovett,plovettnk@wiley.com
850,Aldis,Basilone,abasilonenl@unicef.org
851,Algernon,Watsam,awatsamnm@samsung.com
852,Derrik,Gabel,dgabelnn@skyrock.com
853,Jeremias,Mattiassi,jmattiassino@state.gov
854,Hoyt,Fogarty,hfogartynp@booking.com
855,Tootsie,Vardey,tvardeynq@tamu.edu
856,Lianne,Greensite,lgreensitenr@constantcontact.com
857,Udale,Budd,ubuddns@nps.gov
858,Camellia,Tunnah,ctunnahnt@yale.edu
859,Flory,Joselson,fjoselsonnu@state.tx.us
860,Sayres,Swalowe,sswalowenv@timesonline.co.uk
861,Sarette,McKeeman,smckeemannw@merriam-webster.com
862,Rhett,Culleton,rculletonnx@who.int
863,Lindsy,Izakoff,lizakoffny@stanford.edu
864,Heall,Tatnell,htatnellnz@a8.net
865,Chance,Stollsteiner,cstollsteinero0@simplemachines.org
866,Aundrea,Grayne,agrayneo1@statcounter.com
867,Connie,Joret,cjoreto2@toplist.cz
868,Angelica,Stile,astileo3@geocities.com
869,Olenolin,Fogt,ofogto4@msn.com
870,Mattie,Learmonth,mlearmontho5@thetimes.co.uk
871,Ned,Poveleye,npoveleyeo6@trellian.com
872,Willamina,Alten,walteno7@examiner.com
873,Naomi,Game,ngameo8@slashdot.org
874,Chen,Avison,cavisono9@time.com
875,Alvin,Allingham,aallinghamoa@deliciousdays.com
876,Lissie,Salsberg,lsalsbergob@cdbaby.com
877,Demetrius,Garrood,dgarroodoc@craigslist.org
878,Chadwick,Piletic,cpileticod@china.com.cn
879,Farrell,Shavel,fshaveloe@marketwatch.com
880,Kyle,Kumaar,kkumaarof@examiner.com
881,Barn,O'Hanley,bohanleyog@i2i.jp
882,Shaughn,Hartright,shartrightoh@w3.org
883,Benito,Shipcott,bshipcottoi@behance.net
884,Orren,Castelow,ocastelowoj@imageshack.us
885,Donia,Chart,dchartok@google.com.br
886,Frieda,Cristol,fcristolol@wiley.com
887,Fin,Hurche,fhurcheom@bloglines.com
888,Babara,Minihan,bminihanon@comcast.net
889,Sibbie,Newlyn,snewlynoo@posterous.com
890,Biron,Duncan,bduncanop@cbc.ca
891,Walker,Terbeek,wterbeekoq@list-manage.com
892,Margarita,Bengle,mbengleor@fda.gov
893,Malvin,Balaizot,mbalaizotos@google.fr
894,Neal,Tidridge,ntidridgeot@opera.com
895,Lola,Cheesley,lcheesleyou@de.vu
896,Kippar,Blowfield,kblowfieldov@slideshare.net
897,Aldis,Benion,abenionow@stanford.edu
898,Mose,Mabe,mmabeox@eventbrite.com
899,Gwyn,Poker,gpokeroy@a8.net
900,Karl,Walcher,kwalcheroz@constantcontact.com