id,first_name,last_name,email
901,Dolph,Copozio,dcopoziop0@furl.net
902,Norbert,Wavell,nwavellp1@salon.com
903,Felizio,Rich,frichp2@nasa.gov
904,Donica,McDermott,dmcdermottp3@desdev.cn
905,Jaclin,Chaucer,jchaucerp4@storify.com
906,Homere,Avraam,havraamp5@ameblo.jp
907,Celinda,Ida,cidap6@ezinearticles.com
908,Theo,Loyley,tloyleyp7@google.ru
909,Orlando,Belliveau,obelliveaup8@blogger.com
910,Lucille,Quixley,lquixleyp9@t-online.de
911,Georgia,Heersema,gheersemapa@chron.com
912,Nani,Kincey,nkinceypb@sourceforge.net
913,Zondra,Desantis,zdesantispc@nps.gov
914,Leonidas,Whittlesea,lwhittleseapd@china.com.cn
915,Carlita,Spellward,cspellwardpe@foxnews.com
916,Willetta,Yo,wyopf@shutterfly.com
917,Dael,Dwyr,ddwyrpg@theglobeandmail.com
918,Jeth,Emberton,jembertonph@google.ca
919,Rey,Craiker,rcraikerpi@deviantart.com
920,Davey,Luty,dlutypj@hibu.com
921,Jan,Mockes,jmockespk@soup.io
922,Bertram,Crunden,bcrundenpl@godaddy.com
923,Irita,Kleuer,ikleuerpm@comsenz.com
924,Riannon,Dunrige,rdunrigepn@cloudflare.com
925,Peyton,Betz,pbetzpo@fotki.com
926,Linette,Brownsill,lbrownsillpp@w3.org
927,Heinrik,Notti,hnottipq@diigo.com
928,Idalina,Servant,iservantpr@noaa.gov
929,Trina,Shireff,tshireffps@delicious.com
930,Jocelin,Acory,jacorypt@tumblr.com
931,Renell,Ellyatt,rellyattpu@purevolume.com
932,Rickert,Howie,rhowiepv@clickbank.net
933,Olia,Povele,opovelepw@accuweather.com
934,Cleveland,Colpus,ccolpuspx@ehow.com
935,Scotti,Manion,smanionpy@technorati.com
936,Cristabel,Hewson,chewsonpz@oakley.com
937,Marlene,Mackstead,mmacksteadq0@europa.eu
938,Teena,Sybbe,tsybbeq1@fotki.com
939,Kali,Fortye,kfortyeq2@yolasite.com
940,Seline,Masterton,smastertonq3@google.ca
941,Nesta,Faircloth,nfairclothq4@nih.gov
942,Elke,Ravenhill,eravenhillq5@unesco.org
943,Roddie,Roughan,rroughanq6@networksolutions.com
944,Orton,Cleeve,ocleeveq7@foxnews.com
945,Babette,Rossi,brossiq8@google.pl
946,Ricoriki,Goodyer,rgoodyerq9@unc.edu
947,Arlin,Melley,amelleyqa@irs.gov
948,Arney,Kmicicki,akmicickiqb@ehow.com
949,Carling,Rodnight,crodnightqc@barnesandnoble.com
950,Chip,Banisch,cbanischqd@indiatimes.com
951,Caleb,Frangleton,cfrangletonqe@dropbox.com
952,Sherri,Ryott,sryottqf@de.vu
953,Barbaraanne,Piddocke,bpiddockeqg@tmall.com
954,Enrique,Twiddle,etwiddleqh@slate.com
955,Maurine,Spencer,mspencerqi@phpbb.com
956,Bernardo,Ankers,bankersqj@php.net
957,Abel,Oehm,aoehmqk@theglobeandmail.com
958,Cleopatra,Snow,csnowql@wikispaces.com
959,Rachael,Perrat,rperratqm@dagondesign.com
960,Phylys,Bapty,pbaptyqn@icq.com
961,Neal,Grocutt,ngrocuttqo@mapquest.com
962,Brittany,Firebrace,bfirebraceqp@opera.com
963,Kitti,Armatys,karmatysqq@cyberchimps.com
964,Caye,Halbeard,chalbeardqr@howstuffworks.com
965,Drew,Harmond,dharmondqs@angelfire.com
966,Dunn,Domelaw,ddomelawqt@hao123.com
967,Barbabra,Lafflina,blafflinaqu@myspace.com
968,Nicol,Seman,nsemanqv@networkadvertising.org
969,Stu,Trace,straceqw@statcounter.com
970,Damiano,Colville,dcolvilleqx@geocities.com
971,Jeremias,Makeswell,jmakeswellqy@yolasite.com
972,Manya,Greeves,mgreevesqz@artisteer.com
973,Nickola,De Domenico,ndedomenicor0@smh.com.au
974,Hermione,Manwell,hmanwellr1@mapy.cz
975,Shandie,Northrop,snorthropr2@t-online.de
976,Annabelle,Tonry,atonryr3@themeforest.net
977,Dante,Spearing,dspearingr4@joomla.org
978,Katina,Instrell,kinstrellr5@who.int
979,Sydney,Sima,ssimar6@ebay.com
980,Hollyanne,Horley,hhorleyr7@digg.com
981,Vivia,Ikringill,vikringillr8@dell.com
982,Emmet,Sandey,esandeyr9@whitehouse.gov
983,Everett,Spatig,espatigra@ning.com
984,Florette,Petrosian,fpetrosianrb@kickstarter.com
985,Kenyon,Ducarel,kducarelrc@google.pl
986,Leonidas,Ollin,lollinrd@freewebs.com
987,Kippie,Helleckas,khelleckasre@independent.co.uk
988,Thia,Borchardt,tborchardtrf@narod.ru
989,Creight,Dohrmann,cdohrmannrg@plala.or.jp
990,Vanni,Draysey,vdrayseyrh@globo.com
991,Tessi,Clewarth,tclewarthri@ebay.com
992,Karol,Duthy,kduthyrj@examiner.com
993,Leodora,Kennea,lkenneark@yale.edu
994,Clemmie,Jerche,cjercherl@cornell.edu
995,Aggie,Gheeorghie,agheeorghierm@upenn.edu
996,Samson,Plum,splumrn@ihg.com
997,Allistir,Le Blond,aleblondro@github.io
998,Valdemar,Smiz,vsmizrp@soup.io
999,Barri,Mongain,bmongainrq@weibo.com
1000,Iris,Fincham,ifinchamrr@g.co