id,first_name,last_name,email
101,Cornelius,Walbrook,cwalbrook2s@google.ca
102,Heriberto,Hargrove,hhargrove2t@taobao.com
103,Bone,Skarman,bskarman2u@mapquest.com
104,Kandy,McCoughan,kmccoughan2v@cbsnews.com
105,Monika,Schust,mschust2w@economist.com
106,Reeta,McCormack,rmccormack2x@shareasale.com
107,Georgie,Broe,gbroe2y@berkeley.edu
108,Terry,Wheadon,twheadon2z@psu.edu
109,Myron,Fulloway,mfulloway30@indiegogo.com
110,Letta,Aherne,laherne31@is.gd
111,Hunt,O'Shirine,hoshirine32@unicef.org
112,Arvin,Ennever,aennever33@usnews.com
113,Normy,Warlawe,nwarlawe34@jugem.jp
114,Tybie,Jays,tjays35@hc360.com
115,Alexis,Scallon,ascallon36@bigcartel.com
116,Flora,Shotton,fshotton37@scientificamerican.com
117,Daune,Cantwell,dcantwell38@mediafire.com
118,Jehanna,Blenkiron,jblenkiron39@icq.com
119,Allayne,Charman,acharman3a@hubpages.com
120,Colene,Martusewicz,cmartusewicz3b@oracle.com
121,Griz,Batrop,gbatrop3c@naver.com
122,Verna,Knaggs,vknaggs3d@paginegialle.it
123,Jesus,Klasing,jklasing3e@feedburner.com
124,Henry,MacBain,hmacbain3f@github.io
125,Rosco,Huckell,rhuckell3g@yandex.ru
126,Katharyn,Shovell,kshovell3h@netvibes.com
127,Cinda,Westnedge,cwestnedge3i@springer.com
128,Estel,Guirard,eguirard3j@marketwatch.com
129,Benedicto,Giacomini,bgiacomini3k@sourceforge.net
130,Paolo,Ruskin,pruskin3l@wix.com
131,Rubin,Pavlitschek,rpavlitschek3m@reuters.com
132,Otes,Rixon,orixon3n@pinterest.com
133,Jody,Skym,jskym3o@google.es
134,Jennine,Brookes,jbrookes3p@surveymonkey.com
135,Karlyn,Fforde,kfforde3q@nytimes.com
136,Aurore,Cuniffe,acuniffe3r@istockphoto.com
137,Bamby,Hugnet,bhugnet3s@woothemes.com
138,Kattie,Frede,kfrede3t@cisco.com
139,Brody,Gilfether,bgilfether3u@discovery.com
140,Eleni,Prandoni,eprandoni3v@msn.com
141,Noelani,Desson,ndesson3w@china.com.cn
142,Pier,Leckenby,pleckenby3x@imdb.com
143,Francesco,Yurevich,fyurevich3y@howstuffworks.com
144,Abagael,Alison,aalison3z@domainmarket.com
145,Gordie,Devote,gdevote40@google.de
146,Aylmar,McGrory,amcgrory41@arstechnica.com
147,Luca,Walak,lwalak42@skyrock.com
148,Kylynn,Matthewman,kmatthewman43@4shared.com
149,Lauree,Duham,lduham44@epa.gov
150,Cleveland,Fearey,cfearey45@instagram.com
151,Nicki,Slee,nslee46@google.pl
152,Bjorn,Raynes,braynes47@sphinn.com
153,Lee,Gleave,lgleave48@craigslist.org
154,Liza,Cowherd,lcowherd49@liveinternet.ru
155,Aloisia,Quiddinton,aquiddinton4a@hostgator.com
156,Holden,Flaunier,hflaunier4b@nytimes.com
157,Madalena,Clausen,mclausen4c@gravatar.com
158,Marnia,Ginman,mginman4d@economist.com
159,Osmond,Storer,ostorer4e@godaddy.com
160,Alis,Vanyashin,avanyashin4f@chicagotribune.com
161,Derward,Wint,dwint4g@squidoo.com
162,Emelyne,Abramovic,eabramovic4h@wordpress.com
163,Terrance,Spaight,tspaight4i@usda.gov
164,Barry,Gilfillan,bgilfillan4j@washington.edu
165,Charmion,Coultish,ccoultish4k@histats.com
166,Innis,Andrzejak,iandrzejak4l@blog.com
167,Peyter,Pill,ppill4m@delicious.com
168,Thia,Rogerson,trogerson4n@cdc.gov
169,Amalia,Bothams,abothams4o@cnet.com
170,Cory,Fayers,cfayers4p@tripod.com
171,Yurik,Arlet,yarlet4q@walmart.com
172,Christy,Lenin,clenin4r@indiatimes.com
173,Kial,Body,kbody4s@nbcnews.com
174,Rockwell,Gerber,rgerber4t@1688.com
175,Daniella,Crawcour,dcrawcour4u@alibaba.com
176,Davide,Busfield,dbusfield4v@tripod.com
177,Madelene,Bridgett,mbridgett4w@multiply.com
178,Demetris,Catt,dcatt4x@domainmarket.com
179,Rubie,Habbershon,rhabbershon4y@nsw.gov.au
180,Cristen,Pittock,cpittock4z@ft.com
181,Saudra,Pottery,spottery50@wikia.com
182,Violante,Sandall,vsandall51@arizona.edu
183,Almire,Cutchee,acutchee52@amazon.de
184,Jarrett,Scroxton,jscroxton53@zimbio.com
185,Sheela,Capineer,scapineer54@dagondesign.com
186,Welby,Gennrich,wgennrich55@google.fr
187,Putnem,Della Scala,pdellascala56@1688.com
188,Sonnie,Fewtrell,sfewtrell57@acquirethisname.com
189,Chet,Buckberry,cbuckberry58@vk.com
190,Zandra,De Carolis,zdecarolis59@wordpress.org
191,Jim,Simonaitis,jsimonaitis5a@1688.com
192,Herta,Pyecroft,hpyecroft5b@umn.edu
193,Erinn,Sammut,esammut5c@yelp.com
194,Pincas,Overall,poverall5d@bloglovin.com
195,Hadley,Newcom,hnewcom5e@t.co
196,Clarance,Melrose,cmelrose5f@gmpg.org
197,Suzanne,Tipple,stipple5g@apache.org
198,Helenka,Courtes,hcourtes5h@umich.edu
199,Lucie,Sammut,lsammut5i@seattletimes.com
200,Liza,Fowlestone,lfowlestone5j@merriam-webster.com