id,first_name,last_name,email
401,Marcello,Filippo,mfilippob4@illinois.edu
402,Benedetto,Godsell,bgodsellb5@dell.com
403,Darrelle,Bogie,dbogieb6@examiner.com
404,Chandler,Unwin,cunwinb7@microsoft.com
405,Millie,Nornable,mnornableb8@vk.com
406,Randal,Caldwall,rcaldwallb9@alexa.com
407,Armin,Dameisele,adameiseleba@digg.com
408,Ricki,Gehrtz,rgehrtzbb@netlog.com
409,Jocelyne,Paulet,jpauletbc@livejournal.com
410,Frants,Wotton,fwottonbd@pinterest.com
411,Stinky,Casali,scasalibe@baidu.com
412,Trevor,Filchakov,tfilchakovbf@people.com.cn
413,Eldridge,Langforth,elangforthbg@mozilla.org
414,Hardy,Itzkovsky,hitzkovskybh@bloglines.com
415,Odelia,Wolfinger,owolfingerbi@live.com
416,Farrel,Tadd,ftaddbj@posterous.com
417,Gianina,Lafuente,glafuentebk@bandcamp.com
418,Prentiss,Bachs,pbachsbl@wikipedia.org
419,Larissa,Pietron,lpietronbm@auda.org.au
420,Zachariah,Bearns,zbearnsbn@csmonitor.com
421,Mitzi,Lindback,mlindbackbo@accuweather.com
422,Balduin,Banger,bbangerbp@hibu.com
423,Les,Linstead,llinsteadbq@fema.gov
424,Broddie,Horlock,bhorlockbr@shinystat.com
425,Ambrosi,McGready,amcgreadybs@joomla.org
426,Conny,Jarman,cjarmanbt@mapquest.com
427,Revkah,Iacomini,riacominibu@geocities.jp
428,Morie,Ablett,mablettbv@virginia.edu
429,Rhys,Giriardelli,rgiriardellibw@barnesandnoble.com
430,Kalvin,Rumbold,krumboldbx@4shared.com
431,Krissy,Beavon,kbeavonby@cisco.com
432,Hazel,Pinnocke,hpinnockebz@github.io
433,Marcellus,Baldwin,mbaldwinc0@aboutads.info
434,Mandie,Bwye,mbwyec1@sciencedirect.com
435,Shurlock,Duckitt,sduckittc2@who.int
436,Ree,Frankcomb,rfrankcombc3@tumblr.com
437,Calla,Vittori,cvittoric4@salon.com
438,Aubrey,Ickovitz,aickovitzc5@bravesites.com
439,Gay,Klimov,gklimovc6@bing.com
440,Bernete,Heisham,bheishamc7@sbwire.com
441,Wiley,Bertolin,wbertolinc8@gov.uk
442,Lynnett,Sigart,lsigartc9@europa.eu
443,Anett,Cullinan,acullinanca@sun.com
444,Ingaberg,Clay,iclaycb@alexa.com
445,Lynett,Aiken,laikencc@1und1.de
446,Marin,Paynter,mpayntercd@fastcompany.com
447,Christian,Burnhams,cburnhamsce@odnoklassniki.ru
448,Alikee,Pearse,apearsecf@globo.com
449,Pearl,Asee,paseecg@amazon.co.uk
450,Coleman,Americi,camericich@howstuffworks.com
451,Mikel,Lis,mlisci@techcrunch.com
452,Essy,McKeag,emckeagcj@livejournal.com
453,Morgan,Bolitho,mbolithock@arstechnica.com
454,Zenia,Radki,zradkicl@opera.com
455,Nicol,Kestell,nkestellcm@businesswire.com
456,Leia,Nolan,lnolancn@howstuffworks.com
457,Hube,Hacquoil,hhacquoilco@seattletimes.com
458,Sebastiano,Reynish,sreynishcp@europa.eu
459,Karole,Geroldi,kgeroldicq@reference.com
460,Sibel,Roon,srooncr@nytimes.com
461,Noach,Bischoff,nbischoffcs@si.edu
462,Drucie,Wodham,dwodhamct@ehow.com
463,Baxie,Melledy,bmelledycu@adobe.com
464,Karol,Szymanzyk,kszymanzykcv@imdb.com
465,Ailyn,Sorrie,asorriecw@goo.ne.jp
466,Shanan,Stalman,sstalmancx@gravatar.com
467,Corney,Tarren,ctarrency@guardian.co.uk
468,Celia,Calderonello,ccalderonellocz@nbcnews.com
469,Luciano,Gregolin,lgregolind0@unesco.org
470,Violante,Hannabuss,vhannabussd1@dagondesign.com
471,Celestina,Mailes,cmailesd2@cisco.com
472,Lotty,Willshear,lwillsheard3@smugmug.com
473,Meriel,Langlands,mlanglandsd4@ycombinator.com
474,Darcee,Arkell,darkelld5@walmart.com
475,Andrei,Misken,amiskend6@webmd.com
476,Auguste,Janu,ajanud7@ustream.tv
477,Nicolai,Beeson,nbeesond8@phoca.cz
478,Camey,Sancias,csanciasd9@feedburner.com
479,Jorry,Clewlowe,jclewloweda@clickbank.net
480,Granthem,Giacopello,ggiacopellodb@bigcartel.com
481,Shawn,Gudgion,sgudgiondc@bigcartel.com
482,Henrietta,Elgie,helgiedd@businessweek.com
483,Lurette,Baumadier,lbaumadierde@desdev.cn
484,Oby,Ben,obendf@comsenz.com
485,Carmel,Risman,crismandg@nyu.edu
486,Hurley,Sottell,hsottelldh@over-blog.com
487,Rakel,MacGettigen,rmacgettigendi@ted.com
488,Mabel,Scamp,mscampdj@usa.gov
489,Siana,Rowling,srowlingdk@globo.com
490,Lura,Loughrey,lloughreydl@skype.com
491,Pepita,McGonigal,pmcgonigaldm@ning.com
492,Genovera,Labitt,glabittdn@booking.com
493,Brit,Puller,bpullerdo@marketwatch.com
494,Caz,Mawson,cmawsondp@independent.co.uk
495,Monro,Piatkow,mpiatkowdq@biglobe.ne.jp
496,Smith,Pauly,spaulydr@mysql.com
497,Roderich,Bernli,rbernlids@creativecommons.org
498,Licha,Brecken,lbreckendt@plala.or.jp
499,Robert,Thomsen,rthomsendu@cbsnews.com
500,Micky,Wilks,mwilksdv@ed.gov