id,first_name,last_name,email
201,Franny,Stoggell,fstoggell5k@aboutads.info
202,Murielle,Osgar,mosgar5l@comcast.net
203,Tony,Cush,tcush5m@alibaba.com
204,Janina,Chapple,jchapple5n@theguardian.com
205,Mil,Bruneton,mbruneton5o@umn.edu
206,Evyn,Ondrusek,eondrusek5p@rambler.ru
207,Jemimah,Shufflebotham,jshufflebotham5q@ed.gov
208,Elene,Couves,ecouves5r@ustream.tv
209,Theressa,Witcomb,twitcomb5s@free.fr
210,Ainslee,Boord,aboord5t@github.io
211,Loria,Mahony,lmahony5u@seattletimes.com
212,Merla,Locker,mlocker5v@nymag.com
213,Linnell,Vuitton,lvuitton5w@opensource.org
214,Arnoldo,Manners,amanners5x@simplemachines.org
215,Charleen,Bowdrey,cbowdrey5y@cdc.gov
216,Lizzie,Whether,lwhether5z@w3.org
217,Teddy,Coytes,tcoytes60@loc.gov
218,Cchaddie,Sacker,csacker61@earthlink.net
219,Harp,Geillier,hgeillier62@unc.edu
220,Euell,Raeburn,eraeburn63@va.gov
221,Benson,Ewbank,bewbank64@about.me
222,Lesley,Leaf,lleaf65@bloglovin.com
223,Malina,Phorsby,mphorsby66@mediafire.com
224,Fanechka,Byre,fbyre67@storify.com
225,Deva,Edmott,dedmott68@wix.com
226,Devlin,Pea,dpea69@npr.org
227,Evie,Copeland,ecopeland6a@pen.io
228,Shalne,Mantripp,smantripp6b@e-recht24.de
229,Ellene,Vassie,evassie6c@blinklist.com
230,Haley,Keese,hkeese6d@bloglines.com
231,Andra,Cosgriff,acosgriff6e@homestead.com
232,Tracee,Dusting,tdusting6f@tmall.com
233,Irina,Nelsey,inelsey6g@walmart.com
234,Filip,Meneer,fmeneer6h@printfriendly.com
235,Luca,Robley,lrobley6i@techcrunch.com
236,Warren,MacKenney,wmackenney6j@fastcompany.com
237,Page,Battershall,pbattershall6k@icio.us
238,Valida,Muller,vmuller6l@yahoo.com
239,Arnoldo,Chavrin,achavrin6m@instagram.com
240,Georgeanna,Neeve,gneeve6n@wufoo.com
241,Nefen,Kubasiewicz,nkubasiewicz6o@360.cn
242,Salli,Moller,smoller6p@github.io
243,Spense,Mayling,smayling6q@nsw.gov.au
244,Lise,Mill,lmill6r@state.tx.us
245,Cheri,MacDermid,cmacdermid6s@list-manage.com
246,Patricia,Bassano,pbassano6t@miitbeian.gov.cn
247,Masha,Girodier,mgirodier6u@yandex.ru
248,Nina,Mehmet,nmehmet6v@fotki.com
249,Renaud,Sebrook,rsebrook6w@hp.com
250,Erv,Thorneloe,ethorneloe6x@si.edu
251,Patience,Stebbings,pstebbings6y@mozilla.org
252,Brandy,Mallock,bmallock6z@a8.net
253,Natale,Sign,nsign70@go.com
254,Lidia,Louw,llouw71@bluehost.com
255,Darlleen,Rudsdale,drudsdale72@paginegialle.it
256,Brynne,Britee,bbritee73@phpbb.com
257,Neddie,Portis,nportis74@desdev.cn
258,Oates,Telega,otelega75@chronoengine.com
259,Rutter,Handsheart,rhandsheart76@yahoo.com
260,Terrance,Willarton,twillarton77@pen.io
261,Thea,Cornfoot,tcornfoot78@domainmarket.com
262,Moishe,Karran,mkarran79@deliciousdays.com
263,Avivah,Leathers,aleathers7a@biblegateway.com
264,Jamesy,Goldhill,jgoldhill7b@latimes.com
265,Jecho,MacRirie,jmacririe7c@slate.com
266,Kathrine,Canto,kcanto7d@yellowbook.com
267,Free,Beuscher,fbeuscher7e@imgur.com
268,Salome,Tresvina,stresvina7f@jiathis.com
269,Laure,Dodwell,ldodwell7g@sitemeter.com
270,Morgen,Haime,mhaime7h@networksolutions.com
271,Darell,Martinson,dmartinson7i@odnoklassniki.ru
272,Ardith,Bullant,abullant7j@psu.edu
273,Dodie,Matteuzzi,dmatteuzzi7k@unblog.fr
274,Lilly,Furzey,lfurzey7l@walmart.com
275,Crysta,Issacoff,cissacoff7m@mit.edu
276,Roxanna,Tolliday,rtolliday7n@pcworld.com
277,Brear,L'Episcopi,blepiscopi7o@amazonaws.com
278,Ezequiel,Jodrelle,ejodrelle7p@w3.org
279,Mable,Bamfield,mbamfield7q@statcounter.com
280,Giorgio,Wallwork,gwallwork7r@nationalgeographic.com
281,Roberto,Aronov,raronov7s@purevolume.com
282,Marge,Gumery,mgumery7t@bizjournals.com
283,Niles,Apfel,napfel7u@google.co.uk
284,Allyn,Royan,aroyan7v@slideshare.net
285,Ezekiel,Peer,epeer7w@nyu.edu
286,Nonie,Eustice,neustice7x@nature.com
287,Jose,Grangier,jgrangier7y@list-manage.com
288,Frank,Lochhead,flochhead7z@github.io
289,Broderick,Manley,bmanley80@yandex.ru
290,Allx,Ponsford,aponsford81@census.gov
291,Leodora,Jimmison,ljimmison82@posterous.com
292,Richart,Euels,reuels83@princeton.edu
293,Gabrielle,Cran,gcran84@shinystat.com
294,Egor,Crean,ecrean85@ft.com
295,Baird,Grandham,bgrandham86@state.gov
296,Berny,Papis,bpapis87@tuttocitta.it
297,Heinrik,Cowoppe,hcowoppe88@flavors.me
298,Charlotte,Butter,cbutter89@tripod.com
299,Jaquelyn,Liepina,jliepina8a@oaic.gov.au
300,Enriqueta,Armand,earmand8b@addtoany.com