id,first_name,last_name,email
501,Camellia,Schlagman,cschlagmandw@eventbrite.com
502,Roderich,Mushett,rmushettdx@msn.com
503,Gregoire,Argue,garguedy@github.io
504,Jerald,Chardin,jchardindz@nasa.gov
505,Angie,Hayzer,ahayzere0@yale.edu
506,Freddie,Roblin,frobline1@vimeo.com
507,Ogden,McRonald,omcronalde2@java.com
508,Goran,Frost,gfroste3@narod.ru
509,Randolph,McGuinness,rmcguinnesse4@printfriendly.com
510,Verina,Tanser,vtansere5@state.gov
511,Verney,Dallender,vdallendere6@jimdo.com
512,Emmaline,Pozzi,epozzie7@msu.edu
513,Balduin,Baggaley,bbaggaleye8@themeforest.net
514,Rayner,Byles,rbylese9@chron.com
515,Fanchette,Rangall,frangallea@blogspot.com
516,Sanson,Loyndon,sloyndoneb@github.com
517,Fred,Berends,fberendsec@bandcamp.com
518,Maximilianus,Pitkins,mpitkinsed@timesonline.co.uk
519,Carmita,Abele,cabeleee@dmoz.org
520,Benita,Coppledike,bcoppledikeef@utexas.edu
521,Eugenia,Whieldon,ewhieldoneg@canalblog.com
522,Di,Litchfield,dlitchfieldeh@fda.gov
523,Kurtis,Coushe,kcousheei@pen.io
524,Pierrette,Dresche,pdrescheej@webnode.com
525,Edgar,Hugland,ehuglandek@myspace.com
526,Gunner,Schust,gschustel@digg.com
527,Brander,Duckers,bduckersem@fotki.com
528,Doralynne,Brookwell,dbrookwellen@wiley.com
529,Tremayne,Bamell,tbamelleo@salon.com
530,Dexter,Alennikov,dalennikovep@washington.edu
531,Lucila,Andreone,landreoneeq@eepurl.com
532,Tawnya,McGilvray,tmcgilvrayer@theglobeandmail.com
533,Richmond,Simakov,rsimakoves@ovh.net
534,Cordey,Melledy,cmelledyet@psu.edu
535,Marianne,Pellatt,mpellatteu@reuters.com
536,Daniele,Gathercoal,dgathercoalev@dedecms.com
537,Gregg,Barcroft,gbarcroftew@squidoo.com
538,Merry,Beahan,mbeahanex@squidoo.com
539,Burl,La Torre,blatorreey@so-net.ne.jp
540,Sly,MacMaster,smacmasterez@icq.com
541,Laure,Ahrens,lahrensf0@nps.gov
542,Ariana,McCarlie,amccarlief1@livejournal.com
543,Ginevra,Moston,gmostonf2@privacy.gov.au
544,Norine,Mockes,nmockesf3@vinaora.com
545,Baily,Gibbons,bgibbonsf4@dropbox.com
546,Ediva,Donohoe,edonohoef5@epa.gov
547,Kariotta,Sellek,ksellekf6@eepurl.com
548,Gayle,Colbrun,gcolbrunf7@over-blog.com
549,Fara,Vickress,fvickressf8@apple.com
550,Eirena,Oxenford,eoxenfordf9@naver.com
551,Luther,Meynell,lmeynellfa@123-reg.co.uk
552,Ronald,Lysaght,rlysaghtfb@harvard.edu
553,Carney,Pawlicki,cpawlickifc@constantcontact.com
554,Elvira,Dimbleby,edimblebyfd@smh.com.au
555,Debi,Cleall,dcleallfe@nbcnews.com
556,Bevin,Besnard,bbesnardff@netscape.com
557,Theodor,Richley,trichleyfg@npr.org
558,Walker,O'Corrigane,wocorriganefh@unblog.fr
559,Kass,Richley,krichleyfi@omniture.com
560,Bevan,Scutching,bscutchingfj@yolasite.com
561,Dolley,Hulks,dhulksfk@bloomberg.com
562,Alexandra,Honacker,ahonackerfl@canalblog.com
563,Doy,Tofpik,dtofpikfm@timesonline.co.uk
564,Miltie,Ollin,mollinfn@rambler.ru
565,Beatrix,Wilcockes,bwilcockesfo@yelp.com
566,Almeta,Newens,anewensfp@printfriendly.com
567,Stanislaus,Houseago,shouseagofq@acquirethisname.com
568,Kellia,Durrett,kdurrettfr@marketwatch.com
569,Valina,Corwood,vcorwoodfs@dion.ne.jp
570,Marcile,Ianizzi,mianizzift@abc.net.au
571,Grayce,Buist,gbuistfu@dmoz.org
572,Vlad,Sloane,vsloanefv@github.io
573,Calley,Gabbitis,cgabbitisfw@nasa.gov
574,Philomena,Gaye,pgayefx@simplemachines.org
575,Randall,Pietruschka,rpietruschkafy@google.nl
576,Ingaborg,Tremaine,itremainefz@ebay.com
577,Roanne,Barnfield,rbarnfieldg0@samsung.com
578,Frannie,Andrez,fandrezg1@tamu.edu
579,Carmella,Loughney,cloughneyg2@microsoft.com
580,Kaitlin,Budd,kbuddg3@soup.io
581,Levey,Duiged,lduigedg4@discovery.com
582,Letizia,Eastridge,leastridgeg5@amazon.com
583,Natka,Halshaw,nhalshawg6@arstechnica.com
584,Yuma,Warnes,ywarnesg7@sakura.ne.jp
585,Puff,Boydon,pboydong8@webeden.co.uk
586,Tillie,Hadny,thadnyg9@deliciousdays.com
587,Evaleen,Haggata,ehaggataga@opera.com
588,Conny,Storah,cstorahgb@webeden.co.uk
589,Courtnay,Tettley,ctettleygc@aboutads.info
590,Matthiew,Rasell,mrasellgd@bravesites.com
591,Siusan,Tilmouth,stilmouthge@uiuc.edu
592,Mariquilla,Permain,mpermaingf@sohu.com
593,Fraser,Stonhouse,fstonhousegg@bizjournals.com
594,Elenore,Sharpe,esharpegh@netscape.com
595,Philip,Kikke,pkikkegi@eepurl.com
596,Jermaine,Whitebread,jwhitebreadgj@pbs.org
597,Cornela,Winspurr,cwinspurrgk@bandcamp.com
598,Honor,Lauderdale,hlauderdalegl@merriam-webster.com
599,Twyla,Thickett,tthickettgm@microsoft.com
600,Kimberlee,Alsobrook,kalsobrookgn@youtube.com