id,first_name,last_name,email
601,Parker,Stanbridge,pstanbridgego@usnews.com
602,Amandi,MacAlees,amacaleesgp@topsy.com
603,Benedicto,Maccari,bmaccarigq@51.la
604,Pip,Tapenden,ptapendengr@simplemachines.org
605,Keely,Grafom,kgrafomgs@reddit.com
606,Jenn,Cuddy,jcuddygt@elpais.com
607,Yevette,Wybrow,ywybrowgu@tumblr.com
608,Alberto,Perago,aperagogv@time.com
609,Aurlie,Davidovic,adavidovicgw@eepurl.com
610,Mitchael,Appleyard,mappleyardgx@salon.com
611,Melva,McCurtain,mmccurtaingy@qq.com
612,Hali,Growden,hgrowdengz@soundcloud.com
613,Cello,Bowller,cbowllerh0@seattletimes.com
614,Babara,Ellwand,bellwandh1@merriam-webster.com
615,Eldredge,Gebby,egebbyh2@cbslocal.com
616,Hyman,Allderidge,hallderidgeh3@rambler.ru
617,Wileen,Fencott,wfencotth4@deliciousdays.com
618,Estella,McBratney,emcbratneyh5@virginia.edu
619,Venita,Corp,vcorph6@ameblo.jp
620,Anne-marie,Oldknowe,aoldknoweh7@vimeo.com
621,Ede,Gaucher,egaucherh8@twitter.com
622,Lauren,Moule,lmouleh9@merriam-webster.com
623,Nannie,Bartelet,nbarteletha@ft.com
624,Ceil,Juster,cjusterhb@xinhuanet.com
625,Rakel,Ausiello,rausiellohc@uiuc.edu
626,Norma,Baverstock,nbaverstockhd@cnet.com
627,Trina,Biasi,tbiasihe@github.io
628,Livvy,MacArdle,lmacardlehf@shinystat.com
629,Desirae,Lefridge,dlefridgehg@nature.com
630,Claudianus,Fiddy,cfiddyhh@topsy.com
631,Floris,Rehn,frehnhi@4shared.com
632,Troy,Aylmer,taylmerhj@simplemachines.org
633,Agatha,Blinman,ablinmanhk@abc.net.au
634,Babette,Considine,bconsidinehl@washington.edu
635,Wernher,Naulty,wnaultyhm@uol.com.br
636,Judah,Wiggett,jwiggetthn@yellowbook.com
637,Reggie,Harden,rhardenho@networksolutions.com
638,Marcelline,Matthessen,mmatthessenhp@1688.com
639,Mellie,Bowkley,mbowkleyhq@usa.gov
640,Nerissa,MacCallum,nmaccallumhr@wufoo.com
641,Gilberto,Cortese,gcortesehs@slashdot.org
642,Jannelle,Yele,jyeleht@dailymail.co.uk
643,Rosie,Bimson,rbimsonhu@cmu.edu
644,Pat,Isakovitch,pisakovitchhv@scribd.com
645,Katharine,Kippling,kkipplinghw@hp.com
646,Hadrian,MacScherie,hmacscheriehx@xinhuanet.com
647,Mil,Tween,mtweenhy@nature.com
648,Roxi,Aspray,rasprayhz@netlog.com
649,Heriberto,Poynser,hpoynseri0@theglobeandmail.com
650,Crawford,Grimsdyke,cgrimsdykei1@biblegateway.com
651,Eachelle,Bacon,ebaconi2@google.com
652,Benoit,Walkey,bwalkeyi3@dailymotion.com
653,Hortensia,Hamstead,hhamsteadi4@jigsy.com
654,Rhoda,Addionisio,raddionisioi5@diigo.com
655,Barbara,Brinicombe,bbrinicombei6@comsenz.com
656,Drew,Heinsh,dheinshi7@blog.com
657,Fancy,Ricciardelli,fricciardellii8@cnet.com
658,Robbie,Bembrick,rbembricki9@nydailynews.com
659,Leighton,Duckering,lduckeringia@studiopress.com
660,Harwilll,Eustace,heustaceib@weebly.com
661,Kiley,Shorton,kshortonic@twitpic.com
662,Niel,De Bruyne,ndebruyneid@theguardian.com
663,Christa,Tomaszewski,ctomaszewskiie@indiegogo.com
664,Tuckie,Riccioppo,triccioppoif@google.es
665,Thorpe,Bocken,tbockenig@wunderground.com
666,Kessia,Simonutti,ksimonuttiih@nsw.gov.au
667,Zacherie,Bernardon,zbernardonii@seesaa.net
668,Katherine,MacCart,kmaccartij@usgs.gov
669,Evangelia,Ricardin,ericardinik@jigsy.com
670,Alisun,Ayrton,aayrtonil@chicagotribune.com
671,Austen,Lampen,alampenim@creativecommons.org
672,Anastasie,Gorrie,agorriein@bbc.co.uk
673,Meredith,Mallison,mmallisonio@bloglines.com
674,Vin,Stannett,vstannettip@miitbeian.gov.cn
675,Cindelyn,Katz,ckatziq@weather.com
676,Coreen,Gellett,cgellettir@bravesites.com
677,Panchito,Haylor,phayloris@slideshare.net
678,Spenser,Dyerson,sdyersonit@cisco.com
679,Rawley,Bastian,rbastianiu@tamu.edu
680,Sandro,Grimolbie,sgrimolbieiv@taobao.com
681,Josephina,Edgington,jedgingtoniw@gnu.org
682,Roosevelt,Henze,rhenzeix@imgur.com
683,Pavlov,Felipe,pfelipeiy@ucsd.edu
684,Jsandye,Folan,jfolaniz@businesswire.com
685,Evangelin,Riddoch,eriddochj0@nbcnews.com
686,Gery,Tumpane,gtumpanej1@oakley.com
687,Foster,Stanistreet,fstanistreetj2@hud.gov
688,Naoma,Corssen,ncorssenj3@imageshack.us
689,Milt,Radeliffe,mradeliffej4@yellowbook.com
690,Alic,Goldfinch,agoldfinchj5@bloomberg.com
691,Slade,Smalman,ssmalmanj6@forbes.com
692,Ivie,Meugens,imeugensj7@ebay.co.uk
693,Jackie,Queree,jquereej8@wisc.edu
694,Lezlie,Klass,lklassj9@delicious.com
695,Ugo,Logsdail,ulogsdailja@dot.gov
696,Ariadne,Wilton,awiltonjb@w3.org
697,Washington,Gotling,wgotlingjc@hugedomains.com
698,Luise,Attrey,lattreyjd@goo.gl
699,Glennie,Calvert,gcalvertje@admin.ch
700,Seana,Azema,sazemajf@boston.com