id,first_name,last_name,email
701,Margret,Raft,mraftjg@washington.edu
702,Donnell,Cavy,dcavyjh@google.fr
703,Gretna,Plumptre,gplumptreji@apple.com
704,Tracie,Grzesiak,tgrzesiakjj@nifty.com
705,Malissia,Chrippes,mchrippesjk@patch.com
706,Arlana,Matschke,amatschkejl@networksolutions.com
707,Sue,McKerlie,smckerliejm@ucla.edu
708,Felicle,Jewers,fjewersjn@biblegateway.com
709,Lana,Dielhenn,ldielhennjo@jiathis.com
710,Bibbye,Muzzollo,bmuzzollojp@weibo.com
711,Melissa,Brazer,mbrazerjq@angelfire.com
712,Fergus,McDowall,fmcdowalljr@pagesperso-orange.fr
713,Luci,Salzburg,lsalzburgjs@japanpost.jp
714,Jazmin,Bracknell,jbracknelljt@goo.gl
715,Alessandro,Deam,adeamju@guardian.co.uk
716,Gorden,Milbourne,gmilbournejv@furl.net
717,Barbette,Trulocke,btrulockejw@sourceforge.net
718,Dulcea,Bastock,dbastockjx@yellowbook.com
719,Sindee,Creevy,screevyjy@msu.edu
720,Allsun,Brockbank,abrockbankjz@house.gov
721,Rafael,McGowing,rmcgowingk0@google.pl
722,Norry,Manoelli,nmanoellik1@europa.eu
723,Burch,Heisham,bheishamk2@bing.com
724,Gisele,Frarey,gfrareyk3@cargocollective.com
725,Katinka,Simner,ksimnerk4@bloomberg.com
726,Colline,Pendall,cpendallk5@google.ca
727,Roxanna,Gogarty,rgogartyk6@lulu.com
728,Christiana,Episcopi,cepiscopik7@noaa.gov
729,Merrielle,Soall,msoallk8@networksolutions.com
730,Garik,Bangley,gbangleyk9@reuters.com
731,Robinson,Dearlove,rdearloveka@sourceforge.net
732,Arlan,Moakler,amoaklerkb@buzzfeed.com
733,Elisabeth,Binch,ebinchkc@uiuc.edu
734,Keen,Lashford,klashfordkd@xinhuanet.com
735,Rriocard,Krolak,rkrolakke@theglobeandmail.com
736,Cecil,Furzer,cfurzerkf@theatlantic.com
737,Beryle,Plan,bplankg@huffingtonpost.com
738,Juliet,Gebb,jgebbkh@smh.com.au
739,Marvin,Bourdas,mbourdaski@walmart.com
740,Faunie,Thunnercliff,fthunnercliffkj@columbia.edu
741,Dermot,Le Teve,dletevekk@cornell.edu
742,Reyna,Haskett,rhaskettkl@hc360.com
743,Nickie,Tanby,ntanbykm@biglobe.ne.jp
744,Doralynn,Sanpere,dsanperekn@cafepress.com
745,Loutitia,Nanni,lnanniko@va.gov
746,Joellyn,Culross,jculrosskp@gnu.org
747,Lissie,Orehead,loreheadkq@theguardian.com
748,Iona,Acum,iacumkr@prweb.com
749,Edan,Pechet,epechetks@unesco.org
750,Rocky,Smethurst,rsmethurstkt@mediafire.com
751,Adelle,Lowder,alowderku@apache.org
752,Lyndsie,Maudling,lmaudlingkv@unc.edu
753,Noel,Donan,ndonankw@zimbio.com
754,Candi,Kovalski,ckovalskikx@fema.gov
755,Lela,Hughes,lhughesky@shop-pro.jp
756,Baxy,Yearsley,byearsleykz@ow.ly
757,Cornelle,Glasner,cglasnerl0@quantcast.com
758,Cass,Hundley,chundleyl1@gnu.org
759,Neal,Hefferan,nhefferanl2@fda.gov
760,Baron,Burdikin,bburdikinl3@mac.com
761,Nonie,Bellas,nbellasl4@comsenz.com
762,Rubina,Lambden,rlambdenl5@ow.ly
763,Hewet,Tabourel,htabourell6@ustream.tv
764,Drusilla,Derrick,dderrickl7@netscape.com
765,Bobbi,Caskey,bcaskeyl8@a8.net
766,Myrtle,Sherbrook,msherbrookl9@boston.com
767,Alys,Bruyntjes,abruyntjesla@smugmug.com
768,Dorey,Olijve,dolijvelb@freewebs.com
769,Robinia,Zavittieri,rzavittierilc@samsung.com
770,Alyce,Clyde,aclydeld@nationalgeographic.com
771,Patrick,Goncaves,pgoncavesle@spotify.com
772,Melisandra,Craze,mcrazelf@technorati.com
773,Nathanial,Gerlack,ngerlacklg@chicagotribune.com
774,Rudiger,Burgess,rburgesslh@yellowpages.com
775,Merrick,Ripley,mripleyli@topsy.com
776,Harlie,Grumell,hgrumelllj@sbwire.com
777,Norrie,Esherwood,nesherwoodlk@networksolutions.com
778,Miquela,Purchase,mpurchasell@yellowpages.com
779,Berni,Jervis,bjervislm@cisco.com
780,Uriah,Dorwood,udorwoodln@youtu.be
781,Jewell,Mateescu,jmateesculo@dmoz.org
782,Grant,Petto,gpettolp@economist.com
783,Costanza,Golda,cgoldalq@exblog.jp
784,Willard,Gravestone,wgravestonelr@google.com.au
785,Deeann,Zimmerman,dzimmermanls@noaa.gov
786,Armstrong,Schild,aschildlt@merriam-webster.com
787,Margalo,Cargenven,mcargenvenlu@pagesperso-orange.fr
788,Jannelle,Ewing,jewinglv@wikia.com
789,Sheelagh,Harrill,sharrilllw@cmu.edu
790,Lexy,Phillins,lphillinslx@apple.com
791,Laurent,Woolbrook,lwoolbrookly@nih.gov
792,Cassie,Buttfield,cbuttfieldlz@taobao.com
793,Honoria,Febry,hfebrym0@ucla.edu
794,Anstice,Rhydderch,arhydderchm1@webmd.com
795,Darrelle,Kincade,dkincadem2@epa.gov
796,Waldemar,Musla,wmuslam3@reference.com
797,Martin,Sigars,msigarsm4@free.fr
798,Kennan,Darragon,kdarragonm5@smugmug.com
799,Hamlen,Wigmore,hwigmorem6@live.com
800,Juliann,Rioch,jriochm7@about.me