id,first_name,last_name,email
301,Linnie,Coughlan,lcoughlan8c@umn.edu
302,Bernadina,Noddle,bnoddle8d@independent.co.uk
303,Roslyn,Dalton,rdalton8e@shareasale.com
304,Clair,Fateley,cfateley8f@psu.edu
305,Gawain,Tetla,gtetla8g@phpbb.com
306,Hewet,Shrimptone,hshrimptone8h@china.com.cn
307,Geri,Starsmeare,gstarsmeare8i@redcross.org
308,Keenan,Omand,komand8j@google.de
309,Nichol,Gudeman,ngudeman8k@mediafire.com
310,Ellyn,Hovel,ehovel8l@chicagotribune.com
311,Jodie,McAlester,jmcalester8m@google.com.hk
312,Marjie,Polak,mpolak8n@addthis.com
313,Carolus,Southern,csouthern8o@google.com.hk
314,Jayne,Harby,jharby8p@google.es
315,Gianina,Duchenne,gduchenne8q@illinois.edu
316,Adrea,Scinelli,ascinelli8r@ycombinator.com
317,Diannne,Ulrik,dulrik8s@fda.gov
318,Bobby,Ireland,bireland8t@squidoo.com
319,Eadie,Jacobsen,ejacobsen8u@geocities.jp
320,Herby,Teml,hteml8v@mit.edu
321,Rey,Ends,rends8w@reddit.com
322,Aubrey,McGerraghty,amcgerraghty8x@jugem.jp
323,Reeba,McJury,rmcjury8y@upenn.edu
324,Caro,Matthaus,cmatthaus8z@nymag.com
325,Robyn,Trimble,rtrimble90@psu.edu
326,Rickard,Brounfield,rbrounfield91@blogtalkradio.com
327,Alene,Towsey,atowsey92@naver.com
328,Raleigh,Vahey,rvahey93@csmonitor.com
329,Cherri,Nurcombe,cnurcombe94@mayoclinic.com
330,Dulcie,Brecknell,dbrecknell95@instagram.com
331,Juliane,Ferrarone,jferrarone96@vkontakte.ru
332,Jeannine,Frost,jfrost97@gov.uk
333,Germaine,Darley,gdarley98@fotki.com
334,Pebrook,Halshaw,phalshaw99@pagesperso-orange.fr
335,Tabor,Newberry,tnewberry9a@wix.com
336,Lauretta,Gornar,lgornar9b@reverbnation.com
337,Marigold,Oultram,moultram9c@cocolog-nifty.com
338,Valenka,Ladbrook,vladbrook9d@ebay.co.uk
339,Sasha,McClarence,smcclarence9e@seattletimes.com
340,Garnet,Bourgaize,gbourgaize9f@nasa.gov
341,Joby,Bassick,jbassick9g@is.gd
342,Margette,Vanyard,mvanyard9h@globo.com
343,Lindsey,Daniely,ldaniely9i@ustream.tv
344,Sherm,Jewsbury,sjewsbury9j@behance.net
345,Abner,Plowman,aplowman9k@nbcnews.com
346,Meryl,Bull,mbull9l@multiply.com
347,Denny,O'Hannigan,dohannigan9m@google.fr
348,Kerwinn,Pywell,kpywell9n@ow.ly
349,Concettina,Galilee,cgalilee9o@mediafire.com
350,Odele,Hall-Gough,ohallgough9p@washington.edu
351,Christal,Gravenall,cgravenall9q@merriam-webster.com
352,Isadore,Tern,itern9r@cyberchimps.com
353,Lucius,Derrell,lderrell9s@dedecms.com
354,Lara,Bartosch,lbartosch9t@state.gov
355,Glenna,Woolley,gwoolley9u@wunderground.com
356,Blythe,Cockrem,bcockrem9v@reddit.com
357,Kalli,Speaks,kspeaks9w@cisco.com
358,Rochester,Garms,rgarms9x@moonfruit.com
359,Brad,Savill,bsavill9y@wikia.com
360,Idell,Fagge,ifagge9z@twitter.com
361,Anya,Jojic,ajojica0@bravesites.com
362,Nikita,Levet,nleveta1@liveinternet.ru
363,Yevette,Booley,ybooleya2@soup.io
364,Pietra,McCrossan,pmccrossana3@printfriendly.com
365,Jodee,Leeke,jleekea4@webmd.com
366,Ali,Durram,adurrama5@4shared.com
367,Joye,Odell,jodella6@businessweek.com
368,Lind,Cleare,lclearea7@shop-pro.jp
369,Kailey,Crummie,kcrummiea8@ovh.net
370,Rianon,Wytchard,rwytcharda9@foxnews.com
371,Ulric,Aaron,uaaronaa@admin.ch
372,Barbette,Mathon,bmathonab@hud.gov
373,Kiel,Merrydew,kmerrydewac@msu.edu
374,Rudolph,Walkden,rwalkdenad@nba.com
375,Christean,Dikle,cdikleae@icio.us
376,Amy,Harsnep,aharsnepaf@hatena.ne.jp
377,Ignatius,Jouandet,ijouandetag@rakuten.co.jp
378,Reider,Jeaycock,rjeaycockah@shinystat.com
379,Ferne,Mapholm,fmapholmai@1und1.de
380,Marlin,Knapton,mknaptonaj@imageshack.us
381,Griff,Gutierrez,ggutierrezak@xrea.com
382,Deanna,Castella,dcastellaal@diigo.com
383,Dniren,Hlavecek,dhlavecekam@e-recht24.de
384,Wolfie,Arnould,warnouldan@github.io
385,Wolf,Rozzell,wrozzellao@booking.com
386,Bevon,Giacovelli,bgiacovelliap@over-blog.com
387,Zane,Atte-Stone,zattestoneaq@oakley.com
388,Charline,MacAleese,cmacaleesear@shinystat.com
389,Cheslie,Reihill,creihillas@timesonline.co.uk
390,Averil,Boadby,aboadbyat@techcrunch.com
391,Mickie,Kupisz,mkupiszau@nifty.com
392,Hyacinthe,Hayes,hhayesav@scribd.com
393,Lita,Goldstraw,lgoldstrawaw@npr.org
394,Butch,Durdy,bdurdyax@is.gd
395,Olag,Armatys,oarmatysay@devhub.com
396,Rowan,Goodman,rgoodmanaz@discovery.com
397,Florance,Driffe,fdriffeb0@nymag.com
398,Emmit,Astell,eastellb1@parallels.com
399,Chrisse,Le Prevost,cleprevostb2@biglobe.ne.jp
400,Jade,Hatherill,jhatherillb3@ed.gov