id,first_name,last_name,email
1,Arlee,Aris,aaris0@hc360.com
2,Tish,Blinerman,tblinerman1@sohu.com
3,Kathrine,O'Cahey,kocahey2@google.ru
4,Loralyn,Lock,llock3@redcross.org
5,Seward,Edmondson,sedmondson4@bloglovin.com
6,Shelby,Follan,sfollan5@wisc.edu
7,Currey,Arnison,carnison6@i2i.jp
8,Deva,Gildersleeve,dgildersleeve7@mac.com
9,Tiertza,Roslen,troslen8@ning.com
10,Hatty,Keysall,hkeysall9@theguardian.com
11,Lane,Gitsham,lgitshama@columbia.edu
12,Jada,Pierpoint,jpierpointb@soup.io
13,Florry,Caddan,fcaddanc@lycos.com
14,El,Brabant,ebrabantd@cornell.edu
15,Federica,Noteyoung,fnoteyounge@com.com
16,Shurwood,Kemitt,skemittf@rambler.ru
17,Concordia,Ashborn,cashborng@ustream.tv
18,Chiquia,Casswell,ccasswellh@over-blog.com
19,Marcellina,Raw,mrawi@sfgate.com
20,Drugi,Mathys,dmathysj@de.vu
21,Prudy,Goude,pgoudek@mapquest.com
22,Sansone,Siney,ssineyl@qq.com
23,Neysa,Huston,nhustonm@twitter.com
24,Torr,Duchant,tduchantn@virginia.edu
25,Maxie,Marciskewski,mmarciskewskio@xing.com
26,Darrick,Yelden,dyeldenp@rakuten.co.jp
27,Harland,Poley,hpoleyq@wordpress.com
28,Doralyn,Luxton,dluxtonr@macromedia.com
29,Jorgan,Chang,jchangs@parallels.com
30,Lusa,Iacovelli,liacovellit@oakley.com
31,Elianore,Hutchings,ehutchingsu@elegantthemes.com
32,Oberon,Koppeck,okoppeckv@skyrock.com
33,Crichton,Larmuth,clarmuthw@myspace.com
34,Sherman,Paskin,spaskinx@cocolog-nifty.com
35,Onfre,Proom,oproomy@ihg.com
36,Irv,Owain,iowainz@google.com.au
37,Dru,Kauffman,dkauffman10@storify.com
38,Violet,McMonnies,vmcmonnies11@dell.com
39,Alfonse,Snowden,asnowden12@adobe.com
40,Elene,Pothecary,epothecary13@squarespace.com
41,Sebastiano,Marlon,smarlon14@sourceforge.net
42,Lily,Pennyman,lpennyman15@uiuc.edu
43,Eddy,Clyburn,eclyburn16@1688.com
44,Fredericka,Borer,fborer17@psu.edu
45,Jessie,McGing,jmcging18@people.com.cn
46,Sharlene,Drache,sdrache19@facebook.com
47,Cordie,Whibley,cwhibley1a@vinaora.com
48,Harry,Rollingson,hrollingson1b@123-reg.co.uk
49,Vernice,Turmall,vturmall1c@dagondesign.com
50,Omar,Dommersen,odommersen1d@google.com.au
51,Noella,Wrathmell,nwrathmell1e@chronoengine.com
52,Dennison,Danko,ddanko1f@bbc.co.uk
53,Linus,Orwin,lorwin1g@alibaba.com
54,Patsy,Jantel,pjantel1h@tinyurl.com
55,Camille,Crang,ccrang1i@free.fr
56,Dorian,Wardhough,dwardhough1j@cargocollective.com
57,Johnette,Brandt,jbrandt1k@loc.gov
58,Kimball,Leng,kleng1l@smh.com.au
59,Lonnard,Elijahu,lelijahu1m@yellowpages.com
60,Janet,Younie,jyounie1n@ning.com
61,Barrie,Heape,bheape1o@artisteer.com
62,Rolfe,Lomas,rlomas1p@who.int
63,Madelene,Chalcraft,mchalcraft1q@plala.or.jp
64,Bernadine,MacAdam,bmacadam1r@google.com.hk
65,Gae,Dommersen,gdommersen1s@globo.com
66,Halley,Holgan,hholgan1t@webs.com
67,Amil,Blaszczak,ablaszczak1u@ucla.edu
68,Eachelle,Rushworth,erushworth1v@kickstarter.com
69,Nonah,Monini,nmonini1w@de.vu
70,Hewett,Basketter,hbasketter1x@ocn.ne.jp
71,Doro,Stanner,dstanner1y@java.com
72,Fanchon,Rubinowicz,frubinowicz1z@apple.com
73,Tracey,Rich,trich20@twitpic.com
74,Adolpho,Isson,aisson21@discovery.com
75,Pablo,Kingscott,pkingscott22@geocities.jp
76,Waly,Knewstub,wknewstub23@apple.com
77,Lodovico,Duckels,lduckels24@youtube.com
78,Pall,McColgan,pmccolgan25@unblog.fr
79,Guendolen,Goodrum,ggoodrum26@pinterest.com
80,Dennison,Burgise,dburgise27@ifeng.com
81,Jaynell,Biggerdike,jbiggerdike28@google.nl
82,Ingrid,Fransewich,ifransewich29@pen.io
83,Robenia,Vannacci,rvannacci2a@bloglines.com
84,Alison,Helliar,ahelliar2b@addthis.com
85,Dame,Digginson,ddigginson2c@t-online.de
86,Dale,Haxell,dhaxell2d@sciencedirect.com
87,Paxon,Griffen,pgriffen2e@boston.com
88,Jakie,Mallison,jmallison2f@weibo.com
89,Bobbie,Jandac,bjandac2g@tiny.cc
90,Beatrice,Le Huquet,blehuquet2h@rediff.com
91,Audy,Lowin,alowin2i@ucla.edu
92,Kip,Bernhart,kbernhart2j@bigcartel.com
93,Kalil,Nockolds,knockolds2k@ox.ac.uk
94,Hurley,Simmen,hsimmen2l@tinypic.com
95,Rubi,Bedminster,rbedminster2m@weibo.com
96,Arvin,Bridgeman,abridgeman2n@livejournal.com
97,Wynny,Strick,wstrick2o@virginia.edu
98,Cherida,Swanton,cswanton2p@harvard.edu
99,Bonnie,Burkin,bburkin2q@phoca.cz
100,Stanleigh,Brettor,sbrettor2r@spiegel.de